__v,_id,addTime,address,courier,courierNumber,customer,goodsDetails,id,ordersTime,orderstatus,phonenum,recipient,totalPrice,zipCode
0,61dbf025018b9bfb935aaa62,2022-1-10 16:30:00,广东省汕尾市城区,京东快递,8888888888,通哥,可乐 10箱,1,,已付款未发货,110,通哥,888,516600
0,61dbf06b33314560e2969efc,2022-1-10 16:30:00,广东省汕尾市城区,京东快递,8888888888,通哥,可乐 10箱,2,,已付款未发货,110,通哥,888,516600
0,61dbf06f33314560e2969eff,2022-1-10 16:30:00,广东省汕尾市城区,京东快递,8888888888,通哥,可乐 10箱,3,,已签收,110,通哥,888,516600
0,61dbf06f33314560e2969f02,2022-1-10 16:30:00,广东省汕尾市城区,京东快递,8888888888,通哥,可乐 10箱,4,,已付款未发货,110,通哥,888,516600
0,61dbf06f33314560e2969f05,2022-1-10 16:30:00,广东省汕尾市城区,京东快递,8888888888,通哥,可乐 10箱,5,2022-01-11 02:00:00,已付款未发货,110,通哥,888,516600
0,61dbf5644860088a2576a8a9,2022-1-10 16:30:00,广东省汕尾市城区,京东快递通哥,8888888888通哥,通哥通哥,可乐 10箱通哥,6,2022-1-10 15:00:00,未付款未发货,110通哥,通哥通哥,888222,516600通哥
0,61dbfba8df2ab7e17b263b4e,2022-1-10 16:30:00,广东省汕尾市城区,京东快递,8888888888,通哥,可乐 10箱,7,2022-1-10 15:00:00,已付款未发货,110,通哥,888,516600
0,61dbfba8df2ab7e17b263b51,2022-1-10 16:30:00,广东省汕尾市城区,京东快递,8888888888,通哥,可乐 10箱,8,2022-1-10 15:00:00,已付款未发货,110,通哥,888,516600
0,61dbfba9df2ab7e17b263b54,2022-1-10 16:30:00,广东省汕尾市城区,京东快递,8888888888,通哥,可乐 10箱,9,2022-1-10 15:00:00,已付款未发货,110,通哥,888,516600
0,61dbfbabdf2ab7e17b263b57,2022-1-10 16:30:00,广东省汕尾市城区,京东快递,8888888888,通哥,可乐 10箱,10,2022-1-10 15:00:00,已付款未发货,110,通哥,888,516600
0,61dbfbabdf2ab7e17b263b5a,2022-1-10 16:30:00,广东省汕尾市城区,京东快递,8888888888,通哥,可乐 10箱,11,2011-03-24 18:24:00,已付款未发货,110,通哥,888,516600
0,61dc19eda8a781207030f1b0,2022-01-10 19:35:09,123123,,,123132,123123,13,2022-01-25 00:00:00,未付款未发货,123123,1232,123123,
0,61deb0b9c35f77a5551edf8f,2022-01-12 18:43:04,是,,,,"可乐 10
雪碧 10",14,2022-01-12 17:00:00,未付款未发货,是,是的,123123,
0,61e01cedca017c1ad2968d0a,2022-01-13 20:37:01,123,,,,123,15,,未付款未发货,1232414124124,123,123.89,
0,61e01d37ca017c1ad2968d11,2022-01-13 20:38:15,2,,,,123,16,2022-01-11 00:00:00,未付款未发货,1233332333,2,124.89,